<?xml version="1.0" encoding="UTF-8"?>
<suite name="Suite" parallel="false">
<test name="FBLogin">
	<classes>
		<class name="tests.TestFB"/>
	</classes>
</test>
  <test name="FlightDeal">
    <classes>
      <class name="tests.TestFlightDeal"/>
    </classes>
  </test> <!-- Test -->
  <listeners>
  <listener class-name="atu.testng.reports.listeners.ATUReportsListener"></listener>
  <listener class-name="atu.testng.reports.listeners.ConfigurationListener"></listener>
  <listener class-name="atu.testng.reports.listeners.MethodListener"></listener>
  </listeners>
</suite> <!-- Suite -->
